--
-- PostgreSQL database dump
--

\restrict dlZiibYme1PUSecCfzUzJthEcHCgFBbJJUACGDwbc8duwF1zxR0AQwLu2lZXaB7

-- Dumped from database version 18.3 (Homebrew)
-- Dumped by pg_dump version 18.3 (Homebrew)

SET statement_timeout = 0;
SET lock_timeout = 0;
SET idle_in_transaction_session_timeout = 0;
SET transaction_timeout = 0;
SET client_encoding = 'UTF8';
SET standard_conforming_strings = on;
SELECT pg_catalog.set_config('search_path', '', false);
SET check_function_bodies = false;
SET xmloption = content;
SET client_min_messages = warning;
SET row_security = off;

--
-- Data for Name: users; Type: TABLE DATA; Schema: public; Owner: -
--

INSERT INTO public.users (id, full_name, email, password_hash, role, is_active, last_login_at, created_at, updated_at) VALUES ('8407c070-8183-49ce-ad9a-5a72e472aa08', 'Rafi Admin', 'admin@dubaigarments.me', '$2a$06$OdLETtuACRujuBkm/mWSyOtCL5bgyIhKkyPACYV6LiuBMdmWVx8AG', 'admin', true, NULL, '2026-03-10 11:10:45.841073+05', '2026-03-10 11:10:45.841073+05');
INSERT INTO public.users (id, full_name, email, password_hash, role, is_active, last_login_at, created_at, updated_at) VALUES ('c59aa183-9b3d-459a-99b9-72a6fe668dbd', 'Rafi User', 'test@dubaigarments.me', '$2a$06$hOwx2OoLa7lXd.i0pJU2reckh5v460IQ4kZUnlvpmuMt4VtmDxjBq', 'customer', true, NULL, '2026-03-10 11:10:45.857939+05', '2026-03-10 11:10:45.857939+05');


--
-- Data for Name: customers; Type: TABLE DATA; Schema: public; Owner: -
--



--
-- Data for Name: leads; Type: TABLE DATA; Schema: public; Owner: -
--

INSERT INTO public.leads (id, customer_id, assigned_to_user_id, source, status, lead_score, company_name, contact_name, email, phone, requested_qty, budget, timeline_date, notes, last_contacted_at, created_at, updated_at, ai_product, ai_quantity, ai_urgency, ai_complexity, ai_processed_at, ai_provider, ai_fallback_used, ai_score, ai_classification, ai_reasoning) VALUES ('14391e2f-bfac-4604-93bc-c8784d1dba82', NULL, NULL, 'website', 'new', NULL, 'DuneSkyline', 'Rio Dev', 'mrafi.stonixtech@gmail.com', NULL, 300, NULL, '2026-03-11', 'Product: 8f537ac2-9f0e-4ac9-96f3-ae740e39e67b
Message: urgent', NULL, '2026-03-10 09:19:41.284422+05', '2026-03-10 09:19:41.284422+05', NULL, NULL, NULL, NULL, NULL, NULL, false, NULL, NULL, '{}');
INSERT INTO public.leads (id, customer_id, assigned_to_user_id, source, status, lead_score, company_name, contact_name, email, phone, requested_qty, budget, timeline_date, notes, last_contacted_at, created_at, updated_at, ai_product, ai_quantity, ai_urgency, ai_complexity, ai_processed_at, ai_provider, ai_fallback_used, ai_score, ai_classification, ai_reasoning) VALUES ('53d9d1b9-36ac-4100-a087-2feff5e5ad05', NULL, NULL, 'website', 'new', NULL, 'DuneSkyline', 'Rio Dev', 'mrafi.stonixtech@gmail.com', NULL, 300, NULL, '2026-03-11', 'Product: 8f537ac2-9f0e-4ac9-96f3-ae740e39e67b
Message: urgent', NULL, '2026-03-10 09:19:48.13447+05', '2026-03-10 09:19:48.13447+05', NULL, NULL, NULL, NULL, NULL, NULL, false, NULL, NULL, '{}');
INSERT INTO public.leads (id, customer_id, assigned_to_user_id, source, status, lead_score, company_name, contact_name, email, phone, requested_qty, budget, timeline_date, notes, last_contacted_at, created_at, updated_at, ai_product, ai_quantity, ai_urgency, ai_complexity, ai_processed_at, ai_provider, ai_fallback_used, ai_score, ai_classification, ai_reasoning) VALUES ('4dd0241c-1070-4f12-8f23-3fbbdb50e76d', NULL, NULL, 'website', 'new', NULL, 'DuneSkyline', 'Rio Dev', 'mrafi.stonixtech@gmail.com', NULL, 300, NULL, '2026-03-11', 'Product: 8f537ac2-9f0e-4ac9-96f3-ae740e39e67b
Message: TEST', NULL, '2026-03-10 09:20:14.497141+05', '2026-03-10 09:20:14.497141+05', NULL, NULL, NULL, NULL, NULL, NULL, false, NULL, NULL, '{}');
INSERT INTO public.leads (id, customer_id, assigned_to_user_id, source, status, lead_score, company_name, contact_name, email, phone, requested_qty, budget, timeline_date, notes, last_contacted_at, created_at, updated_at, ai_product, ai_quantity, ai_urgency, ai_complexity, ai_processed_at, ai_provider, ai_fallback_used, ai_score, ai_classification, ai_reasoning) VALUES ('510191e2-fcb7-4f45-a9d6-a6300a79c788', NULL, NULL, 'website', 'new', NULL, 'DuneSkyline', 'Rio Dev', 'mrafi.stonixtech@gmail.com', NULL, 300, NULL, '2026-03-11', 'Product: 8f537ac2-9f0e-4ac9-96f3-ae740e39e67b
Message: TEST', NULL, '2026-03-10 09:22:15.581638+05', '2026-03-10 09:22:15.581638+05', NULL, NULL, NULL, NULL, NULL, NULL, false, NULL, NULL, '{}');
INSERT INTO public.leads (id, customer_id, assigned_to_user_id, source, status, lead_score, company_name, contact_name, email, phone, requested_qty, budget, timeline_date, notes, last_contacted_at, created_at, updated_at, ai_product, ai_quantity, ai_urgency, ai_complexity, ai_processed_at, ai_provider, ai_fallback_used, ai_score, ai_classification, ai_reasoning) VALUES ('df8e3c9e-1e90-4a13-bc2e-7483d1300aff', NULL, NULL, 'website', 'new', NULL, 'DuneSkyline', 'Rio Dev', 'mrafi.stonixtech@gmail.com', NULL, 300, NULL, '2026-03-11', 'Product: 8f537ac2-9f0e-4ac9-96f3-ae740e39e67b
Message: TEST', NULL, '2026-03-10 09:22:20.665236+05', '2026-03-10 09:22:20.665236+05', NULL, NULL, NULL, NULL, NULL, NULL, false, NULL, NULL, '{}');
INSERT INTO public.leads (id, customer_id, assigned_to_user_id, source, status, lead_score, company_name, contact_name, email, phone, requested_qty, budget, timeline_date, notes, last_contacted_at, created_at, updated_at, ai_product, ai_quantity, ai_urgency, ai_complexity, ai_processed_at, ai_provider, ai_fallback_used, ai_score, ai_classification, ai_reasoning) VALUES ('75305c0e-bdfe-49c2-978e-ca1f0c8cd86e', NULL, NULL, 'website', 'new', NULL, 'DuneSkyline', 'Rio Dev', 'mrafi.stonixtech@gmail.com', NULL, 300, NULL, '2026-03-11', 'Product: 8f537ac2-9f0e-4ac9-96f3-ae740e39e67b
Message: TEST', NULL, '2026-03-10 09:22:21.678002+05', '2026-03-10 09:22:21.678002+05', NULL, NULL, NULL, NULL, NULL, NULL, false, NULL, NULL, '{}');
INSERT INTO public.leads (id, customer_id, assigned_to_user_id, source, status, lead_score, company_name, contact_name, email, phone, requested_qty, budget, timeline_date, notes, last_contacted_at, created_at, updated_at, ai_product, ai_quantity, ai_urgency, ai_complexity, ai_processed_at, ai_provider, ai_fallback_used, ai_score, ai_classification, ai_reasoning) VALUES ('0486d42b-7c97-4d34-98dd-5d67ca79abfc', NULL, NULL, 'website', 'new', NULL, 'DuneSkyline', 'Rio Dev', 'mrafi.stonixtech@gmail.com', NULL, 300, NULL, '2026-03-11', 'Product: 8f537ac2-9f0e-4ac9-96f3-ae740e39e67b
Message: TEST', NULL, '2026-03-10 09:22:22.479016+05', '2026-03-10 09:22:22.479016+05', NULL, NULL, NULL, NULL, NULL, NULL, false, NULL, NULL, '{}');
INSERT INTO public.leads (id, customer_id, assigned_to_user_id, source, status, lead_score, company_name, contact_name, email, phone, requested_qty, budget, timeline_date, notes, last_contacted_at, created_at, updated_at, ai_product, ai_quantity, ai_urgency, ai_complexity, ai_processed_at, ai_provider, ai_fallback_used, ai_score, ai_classification, ai_reasoning) VALUES ('b7306d08-a5e6-4531-8668-26850130c69d', NULL, NULL, 'website', 'new', NULL, 'DuneSkyline', 'Rio Dev', 'mrafi.stonixtech@gmail.com', NULL, 300, NULL, '2026-03-11', 'Product: 8f537ac2-9f0e-4ac9-96f3-ae740e39e67b
Message: TEST', NULL, '2026-03-10 09:22:38.360364+05', '2026-03-10 09:22:38.360364+05', NULL, NULL, NULL, NULL, NULL, NULL, false, NULL, NULL, '{}');
INSERT INTO public.leads (id, customer_id, assigned_to_user_id, source, status, lead_score, company_name, contact_name, email, phone, requested_qty, budget, timeline_date, notes, last_contacted_at, created_at, updated_at, ai_product, ai_quantity, ai_urgency, ai_complexity, ai_processed_at, ai_provider, ai_fallback_used, ai_score, ai_classification, ai_reasoning) VALUES ('cfe9c898-270e-46b9-9b80-2b51827f58ee', NULL, NULL, 'website', 'new', NULL, 'DuneSkyline', 'Rio Dev', 'mrafi.stonixtech@gmail.com', NULL, 300, NULL, '2026-03-11', 'Product: 8f537ac2-9f0e-4ac9-96f3-ae740e39e67b
Message: TEST', NULL, '2026-03-10 09:22:39.100213+05', '2026-03-10 09:22:39.100213+05', NULL, NULL, NULL, NULL, NULL, NULL, false, NULL, NULL, '{}');
INSERT INTO public.leads (id, customer_id, assigned_to_user_id, source, status, lead_score, company_name, contact_name, email, phone, requested_qty, budget, timeline_date, notes, last_contacted_at, created_at, updated_at, ai_product, ai_quantity, ai_urgency, ai_complexity, ai_processed_at, ai_provider, ai_fallback_used, ai_score, ai_classification, ai_reasoning) VALUES ('93186d8e-7bd6-4f23-9ceb-3c0ff7436264', NULL, NULL, 'website', 'new', NULL, 'DuneSkyline', 'Rio Dev', 'mrafi.stonixtech@gmail.com', NULL, 300, NULL, '2026-12-29', 'Product: 8f537ac2-9f0e-4ac9-96f3-ae740e39e67b
Message: test', NULL, '2026-03-10 09:23:37.430048+05', '2026-03-10 09:23:37.430048+05', NULL, NULL, NULL, NULL, NULL, NULL, false, NULL, NULL, '{}');
INSERT INTO public.leads (id, customer_id, assigned_to_user_id, source, status, lead_score, company_name, contact_name, email, phone, requested_qty, budget, timeline_date, notes, last_contacted_at, created_at, updated_at, ai_product, ai_quantity, ai_urgency, ai_complexity, ai_processed_at, ai_provider, ai_fallback_used, ai_score, ai_classification, ai_reasoning) VALUES ('589fb948-bbba-4453-8815-0f2b60a7d3b9', NULL, NULL, 'website', 'new', NULL, 'DuneSkyline', 'Rio Dev', 'mrafi.stonixtech@gmail.com', NULL, 300, NULL, '2026-12-29', 'Product: 8f537ac2-9f0e-4ac9-96f3-ae740e39e67b
Message: test', NULL, '2026-03-10 09:25:23.922131+05', '2026-03-10 09:25:23.922131+05', NULL, NULL, NULL, NULL, NULL, NULL, false, NULL, NULL, '{}');
INSERT INTO public.leads (id, customer_id, assigned_to_user_id, source, status, lead_score, company_name, contact_name, email, phone, requested_qty, budget, timeline_date, notes, last_contacted_at, created_at, updated_at, ai_product, ai_quantity, ai_urgency, ai_complexity, ai_processed_at, ai_provider, ai_fallback_used, ai_score, ai_classification, ai_reasoning) VALUES ('312eddaa-4f9a-45e8-9483-07463c9b4db5', NULL, NULL, 'website', 'new', NULL, 'DuneSkyline', 'Rio Dev', 'mrafi.stonixtech@gmail.com', NULL, 300, NULL, '2026-12-29', 'Product: 8f537ac2-9f0e-4ac9-96f3-ae740e39e67b
Message: test', NULL, '2026-03-10 09:25:56.8582+05', '2026-03-10 09:25:56.8582+05', NULL, NULL, NULL, NULL, NULL, NULL, false, NULL, NULL, '{}');
INSERT INTO public.leads (id, customer_id, assigned_to_user_id, source, status, lead_score, company_name, contact_name, email, phone, requested_qty, budget, timeline_date, notes, last_contacted_at, created_at, updated_at, ai_product, ai_quantity, ai_urgency, ai_complexity, ai_processed_at, ai_provider, ai_fallback_used, ai_score, ai_classification, ai_reasoning) VALUES ('606420b8-a409-40f9-9d95-b537e5a606c3', NULL, NULL, 'website', 'new', NULL, 'DuneSkyline', 'Rio Dev', 'mrafi.stonixtech@gmail.com', NULL, 300, NULL, '2026-03-18', 'Product: 8f537ac2-9f0e-4ac9-96f3-ae740e39e67b
Message: test', NULL, '2026-03-10 09:27:11.274738+05', '2026-03-10 09:27:11.274738+05', NULL, NULL, NULL, NULL, NULL, NULL, false, NULL, NULL, '{}');
INSERT INTO public.leads (id, customer_id, assigned_to_user_id, source, status, lead_score, company_name, contact_name, email, phone, requested_qty, budget, timeline_date, notes, last_contacted_at, created_at, updated_at, ai_product, ai_quantity, ai_urgency, ai_complexity, ai_processed_at, ai_provider, ai_fallback_used, ai_score, ai_classification, ai_reasoning) VALUES ('121f9ba0-1b59-4a04-9188-7f3bcf64aa62', NULL, NULL, 'website', 'new', NULL, 'DuneSkyline', 'Rio Dev', 'mrafi.stonixtech@gmail.com', NULL, 300, NULL, '2026-03-18', 'Product: 8f537ac2-9f0e-4ac9-96f3-ae740e39e67b
Message: test', NULL, '2026-03-10 09:32:24.390564+05', '2026-03-10 09:32:24.390564+05', NULL, NULL, NULL, NULL, NULL, NULL, false, NULL, NULL, '{}');
INSERT INTO public.leads (id, customer_id, assigned_to_user_id, source, status, lead_score, company_name, contact_name, email, phone, requested_qty, budget, timeline_date, notes, last_contacted_at, created_at, updated_at, ai_product, ai_quantity, ai_urgency, ai_complexity, ai_processed_at, ai_provider, ai_fallback_used, ai_score, ai_classification, ai_reasoning) VALUES ('b7c63c83-83ee-4d82-8ff0-bde8f970cc4b', NULL, NULL, 'website', 'new', NULL, 'DuneSkyline', 'Rio Dev', 'mrafi.stonixtech@gmail.com', NULL, 333, NULL, '2026-03-12', 'Product: 8f537ac2-9f0e-4ac9-96f3-ae740e39e67b', NULL, '2026-03-10 09:35:25.043515+05', '2026-03-10 09:35:25.043515+05', NULL, NULL, NULL, NULL, NULL, NULL, false, NULL, NULL, '{}');
INSERT INTO public.leads (id, customer_id, assigned_to_user_id, source, status, lead_score, company_name, contact_name, email, phone, requested_qty, budget, timeline_date, notes, last_contacted_at, created_at, updated_at, ai_product, ai_quantity, ai_urgency, ai_complexity, ai_processed_at, ai_provider, ai_fallback_used, ai_score, ai_classification, ai_reasoning) VALUES ('9ea841c1-20b1-41ca-a437-c75c2d711723', NULL, NULL, 'website', 'new', NULL, 'DuneSkyline', 'Rio Dev', 'mrafi.stonixtech@gmail.com', NULL, 333, NULL, '2026-03-11', 'Product: 159e71bc-c2f6-44eb-a9f0-c301c0ba0991
Message: test', NULL, '2026-03-10 09:36:01.546698+05', '2026-03-10 09:36:01.546698+05', NULL, NULL, NULL, NULL, NULL, NULL, false, NULL, NULL, '{}');
INSERT INTO public.leads (id, customer_id, assigned_to_user_id, source, status, lead_score, company_name, contact_name, email, phone, requested_qty, budget, timeline_date, notes, last_contacted_at, created_at, updated_at, ai_product, ai_quantity, ai_urgency, ai_complexity, ai_processed_at, ai_provider, ai_fallback_used, ai_score, ai_classification, ai_reasoning) VALUES ('3f9100e1-d26d-4c4d-aaab-cae6b2d04ef8', NULL, NULL, 'website', 'new', NULL, 'DuneSkyline', 'Rio Dev', 'mrafi.stonixtech@gmail.com', NULL, 333, NULL, '2026-03-11', 'Product: 159e71bc-c2f6-44eb-a9f0-c301c0ba0991
Message: test', NULL, '2026-03-10 09:36:26.467395+05', '2026-03-10 09:36:26.467395+05', NULL, NULL, NULL, NULL, NULL, NULL, false, NULL, NULL, '{}');
INSERT INTO public.leads (id, customer_id, assigned_to_user_id, source, status, lead_score, company_name, contact_name, email, phone, requested_qty, budget, timeline_date, notes, last_contacted_at, created_at, updated_at, ai_product, ai_quantity, ai_urgency, ai_complexity, ai_processed_at, ai_provider, ai_fallback_used, ai_score, ai_classification, ai_reasoning) VALUES ('7e9a1cef-276e-45e9-b05e-58b027d50d2d', NULL, NULL, 'website', 'new', NULL, 'DuneSkyline', 'Rio Dev', 'mrafi.stonixtech@gmail.com', NULL, 333, NULL, '2026-03-13', 'Product: 8f537ac2-9f0e-4ac9-96f3-ae740e39e67b
Message: test', NULL, '2026-03-10 09:39:20.309838+05', '2026-03-10 09:39:20.309838+05', NULL, NULL, NULL, NULL, NULL, NULL, false, NULL, NULL, '{}');
INSERT INTO public.leads (id, customer_id, assigned_to_user_id, source, status, lead_score, company_name, contact_name, email, phone, requested_qty, budget, timeline_date, notes, last_contacted_at, created_at, updated_at, ai_product, ai_quantity, ai_urgency, ai_complexity, ai_processed_at, ai_provider, ai_fallback_used, ai_score, ai_classification, ai_reasoning) VALUES ('c1a7d394-93a0-4cc5-b7be-b33f6268f550', NULL, NULL, 'website', 'qualified', NULL, 'DuneSkyline', 'Rio Dev', 'mrafi.stonixtech@gmail.com', NULL, 200, NULL, '2026-03-13', 'Product: 159e71bc-c2f6-44eb-a9f0-c301c0ba0991', NULL, '2026-03-10 09:41:38.069905+05', '2026-03-10 12:00:05.030303+05', NULL, NULL, NULL, NULL, NULL, NULL, false, NULL, NULL, '{}');
INSERT INTO public.leads (id, customer_id, assigned_to_user_id, source, status, lead_score, company_name, contact_name, email, phone, requested_qty, budget, timeline_date, notes, last_contacted_at, created_at, updated_at, ai_product, ai_quantity, ai_urgency, ai_complexity, ai_processed_at, ai_provider, ai_fallback_used, ai_score, ai_classification, ai_reasoning) VALUES ('ef7ebd0e-c899-49bf-a4d0-45adcb85c2a7', NULL, NULL, 'website', 'quoted', NULL, 'DuneSkyline', 'Rio Dev', 'mrafi.stonixtech@gmail.com', NULL, 444, NULL, '2026-03-11', 'Product: 8f537ac2-9f0e-4ac9-96f3-ae740e39e67b
Message: test', NULL, '2026-03-10 10:06:11.550916+05', '2026-03-10 12:01:55.433823+05', NULL, NULL, NULL, NULL, NULL, NULL, false, NULL, NULL, '{}');
INSERT INTO public.leads (id, customer_id, assigned_to_user_id, source, status, lead_score, company_name, contact_name, email, phone, requested_qty, budget, timeline_date, notes, last_contacted_at, created_at, updated_at, ai_product, ai_quantity, ai_urgency, ai_complexity, ai_processed_at, ai_provider, ai_fallback_used, ai_score, ai_classification, ai_reasoning) VALUES ('64a7b382-b36b-4359-97bc-fe288114454a', NULL, NULL, 'website', 'new', NULL, 'DuneSkyline', 'Rafi Magsi', 'mrafi.stonixtech@gmail.com', NULL, 300, NULL, '2026-03-12', 'Product: 159e71bc-c2f6-44eb-a9f0-c301c0ba0991
Message: TEST this with 300 and deliver this week', NULL, '2026-03-10 12:22:39.935027+05', '2026-03-10 12:22:39.935027+05', NULL, NULL, NULL, NULL, NULL, NULL, false, NULL, NULL, '{}');
INSERT INTO public.leads (id, customer_id, assigned_to_user_id, source, status, lead_score, company_name, contact_name, email, phone, requested_qty, budget, timeline_date, notes, last_contacted_at, created_at, updated_at, ai_product, ai_quantity, ai_urgency, ai_complexity, ai_processed_at, ai_provider, ai_fallback_used, ai_score, ai_classification, ai_reasoning) VALUES ('99bc656e-ebe5-4b20-8558-70f25489fe50', NULL, NULL, 'website', 'new', NULL, 'New Way', 'Rafi Khan', 'mrafi.stonixtech@gmail.com', NULL, 399, NULL, '2026-03-13', 'Product: 8f537ac2-9f0e-4ac9-96f3-ae740e39e67b
Message: Send me quote today for 399 jersey', NULL, '2026-03-10 12:26:22.082883+05', '2026-03-10 12:26:22.082883+05', NULL, NULL, NULL, NULL, NULL, NULL, false, NULL, NULL, '{}');
INSERT INTO public.leads (id, customer_id, assigned_to_user_id, source, status, lead_score, company_name, contact_name, email, phone, requested_qty, budget, timeline_date, notes, last_contacted_at, created_at, updated_at, ai_product, ai_quantity, ai_urgency, ai_complexity, ai_processed_at, ai_provider, ai_fallback_used, ai_score, ai_classification, ai_reasoning) VALUES ('a8b8c91c-ad1c-4f52-a217-c2983a734157', NULL, NULL, 'website', 'new', NULL, 'Newton', 'Rafi Magsi', 'mrafi.stonixtech@gmail.com', NULL, 600, NULL, '2026-03-15', 'Product: 546fa8d3-cd03-42e1-b78f-6dd5cc91f8e3
Message: I want 600 t shirts this week', NULL, '2026-03-10 12:35:40.377642+05', '2026-03-10 12:35:40.407673+05', 'garment', 600, 'high', 'high', '2026-03-10 12:35:40.407673+05', 'system', true, NULL, NULL, '{}');
INSERT INTO public.leads (id, customer_id, assigned_to_user_id, source, status, lead_score, company_name, contact_name, email, phone, requested_qty, budget, timeline_date, notes, last_contacted_at, created_at, updated_at, ai_product, ai_quantity, ai_urgency, ai_complexity, ai_processed_at, ai_provider, ai_fallback_used, ai_score, ai_classification, ai_reasoning) VALUES ('62d05770-3406-4f11-a43d-ea024260f98e', NULL, NULL, 'website', 'new', NULL, 'New', 'Ali', 'mrafi.stonixtech@gmail.com', NULL, 300, NULL, '2026-03-12', 'Product: 159e71bc-c2f6-44eb-a9f0-c301c0ba0991
Message: Give me new uniform 300 pieces at the end of this week', NULL, '2026-03-10 12:39:17.739162+05', '2026-03-10 12:39:21.342468+05', '159e71bc-c2f6-44eb-a9f0-c301c0ba0991', 300, 'high', 'medium', '2026-03-10 12:39:21.342468+05', 'openai', false, NULL, NULL, '{}');


--
-- Data for Name: deals; Type: TABLE DATA; Schema: public; Owner: -
--



--
-- Data for Name: quotes; Type: TABLE DATA; Schema: public; Owner: -
--



--
-- Data for Name: activities; Type: TABLE DATA; Schema: public; Owner: -
--

INSERT INTO public.activities (id, user_id, customer_id, lead_id, deal_id, quote_id, activity_type, title, details, metadata, occurred_at, created_at, updated_at) VALUES ('41e36ed5-3571-4c9a-8df9-d2f17b5ea363', NULL, NULL, 'ef7ebd0e-c899-49bf-a4d0-45adcb85c2a7', NULL, NULL, 'lead_status_changed', 'Lead moved to Qualified', NULL, '{"to": "qualified", "from": "new"}', '2026-03-10 11:59:52.092763+05', '2026-03-10 11:59:52.092763+05', '2026-03-10 11:59:52.092763+05');
INSERT INTO public.activities (id, user_id, customer_id, lead_id, deal_id, quote_id, activity_type, title, details, metadata, occurred_at, created_at, updated_at) VALUES ('732724ac-9ace-426d-ab6c-9d61618f3008', NULL, NULL, 'c1a7d394-93a0-4cc5-b7be-b33f6268f550', NULL, NULL, 'lead_status_changed', 'Lead moved to Qualified', NULL, '{"to": "qualified", "from": "new"}', '2026-03-10 12:00:05.030303+05', '2026-03-10 12:00:05.030303+05', '2026-03-10 12:00:05.030303+05');
INSERT INTO public.activities (id, user_id, customer_id, lead_id, deal_id, quote_id, activity_type, title, details, metadata, occurred_at, created_at, updated_at) VALUES ('94d254b8-732c-48b5-8d75-786f5157ec44', NULL, NULL, 'ef7ebd0e-c899-49bf-a4d0-45adcb85c2a7', NULL, NULL, 'lead_status_changed', 'Lead moved to Quoted', NULL, '{"to": "quoted", "from": "qualified"}', '2026-03-10 12:01:55.433823+05', '2026-03-10 12:01:55.433823+05', '2026-03-10 12:01:55.433823+05');
INSERT INTO public.activities (id, user_id, customer_id, lead_id, deal_id, quote_id, activity_type, title, details, metadata, occurred_at, created_at, updated_at) VALUES ('324e5a46-cc1d-4bd5-b839-3196cc394a48', NULL, NULL, '64a7b382-b36b-4359-97bc-fe288114454a', NULL, NULL, 'lead_created', 'Lead created from quote request', 'Lead was created from public quote request form.', '{"source": "website", "status": "new"}', '2026-03-10 12:22:39.935027+05', '2026-03-10 12:22:39.935027+05', '2026-03-10 12:22:39.935027+05');
INSERT INTO public.activities (id, user_id, customer_id, lead_id, deal_id, quote_id, activity_type, title, details, metadata, occurred_at, created_at, updated_at) VALUES ('13059d98-f335-4a69-8750-0fa197d831f2', NULL, NULL, '99bc656e-ebe5-4b20-8558-70f25489fe50', NULL, NULL, 'lead_created', 'Lead created from quote request', 'Lead was created from public quote request form.', '{"source": "website", "status": "new"}', '2026-03-10 12:26:22.082883+05', '2026-03-10 12:26:22.082883+05', '2026-03-10 12:26:22.082883+05');
INSERT INTO public.activities (id, user_id, customer_id, lead_id, deal_id, quote_id, activity_type, title, details, metadata, occurred_at, created_at, updated_at) VALUES ('61224051-60e6-4dc8-b898-5bf9a7f7af73', NULL, NULL, 'a8b8c91c-ad1c-4f52-a217-c2983a734157', NULL, NULL, 'lead_created', 'Lead created from quote request', 'Lead was created from public quote request form.', '{"source": "website", "status": "new"}', '2026-03-10 12:35:40.377642+05', '2026-03-10 12:35:40.377642+05', '2026-03-10 12:35:40.377642+05');
INSERT INTO public.activities (id, user_id, customer_id, lead_id, deal_id, quote_id, activity_type, title, details, metadata, occurred_at, created_at, updated_at) VALUES ('0e3a78e2-b7d5-4407-83fc-186f942cbdf5', NULL, NULL, 'a8b8c91c-ad1c-4f52-a217-c2983a734157', NULL, NULL, 'ai_processed_lead', 'AI processed lead', 'LeadAIService processed lead using system.', '{"product": "garment", "urgency": "high", "provider": "system", "quantity": 600, "complexity": "high", "fallback_used": true}', '2026-03-10 12:35:40.407673+05', '2026-03-10 12:35:40.407673+05', '2026-03-10 12:35:40.407673+05');
INSERT INTO public.activities (id, user_id, customer_id, lead_id, deal_id, quote_id, activity_type, title, details, metadata, occurred_at, created_at, updated_at) VALUES ('f2b6a40a-0b0b-4bc4-b160-74890a6d3fa2', NULL, NULL, '62d05770-3406-4f11-a43d-ea024260f98e', NULL, NULL, 'lead_created', 'Lead created from quote request', 'Lead was created from public quote request form.', '{"source": "website", "status": "new"}', '2026-03-10 12:39:17.739162+05', '2026-03-10 12:39:17.739162+05', '2026-03-10 12:39:17.739162+05');
INSERT INTO public.activities (id, user_id, customer_id, lead_id, deal_id, quote_id, activity_type, title, details, metadata, occurred_at, created_at, updated_at) VALUES ('aa387791-21ac-4b40-ab4b-bc97999baada', NULL, NULL, '62d05770-3406-4f11-a43d-ea024260f98e', NULL, NULL, 'ai_processed_lead', 'AI processed lead', 'LeadAIService processed lead using openai.', '{"product": "159e71bc-c2f6-44eb-a9f0-c301c0ba0991", "urgency": "high", "provider": "openai", "quantity": 300, "complexity": "medium", "fallback_used": false}', '2026-03-10 12:39:21.342468+05', '2026-03-10 12:39:21.342468+05', '2026-03-10 12:39:21.342468+05');


--
-- Data for Name: automation_runs; Type: TABLE DATA; Schema: public; Owner: -
--

INSERT INTO public.automation_runs (id, workflow_name, trigger_source, trigger_entity_type, trigger_entity_id, status, request_payload, response_payload, error_message, started_at, finished_at, created_at, updated_at) VALUES ('ae1d9bf9-0aa8-440e-9fbf-0060a2b604a1', 'lead_ai_processing', 'lead_created', 'lead', '64a7b382-b36b-4359-97bc-fe288114454a', 'cancelled', '{"model": "gpt-4o-mini", "leadId": "64a7b382-b36b-4359-97bc-fe288114454a"}', '{"reason": "missing_openai_api_key", "processed": false}', 'OPENAI_API_KEY is not configured.', '2026-03-10 12:22:39.942447+05', '2026-03-10 12:22:39.942447+05', '2026-03-10 12:22:39.947594+05', '2026-03-10 12:22:39.947594+05');
INSERT INTO public.automation_runs (id, workflow_name, trigger_source, trigger_entity_type, trigger_entity_id, status, request_payload, response_payload, error_message, started_at, finished_at, created_at, updated_at) VALUES ('3cd78595-6cb5-4801-ba9a-04a93fab6fe2', 'lead_ai_processing', 'lead_created', 'lead', '99bc656e-ebe5-4b20-8558-70f25489fe50', 'cancelled', '{"model": "gpt-4o-mini", "leadId": "99bc656e-ebe5-4b20-8558-70f25489fe50"}', '{"reason": "missing_openai_api_key", "processed": false}', 'OPENAI_API_KEY is not configured.', '2026-03-10 12:26:22.088762+05', '2026-03-10 12:26:22.088762+05', '2026-03-10 12:26:22.095249+05', '2026-03-10 12:26:22.095249+05');
INSERT INTO public.automation_runs (id, workflow_name, trigger_source, trigger_entity_type, trigger_entity_id, status, request_payload, response_payload, error_message, started_at, finished_at, created_at, updated_at) VALUES ('05528dec-600b-4297-aa59-17a101deb2ec', 'lead_ai_processing', 'lead_created', 'lead', 'a8b8c91c-ad1c-4f52-a217-c2983a734157', 'cancelled', '{"model": "gpt-4o-mini", "leadId": "a8b8c91c-ad1c-4f52-a217-c2983a734157"}', '{"reason": "missing_openai_api_key", "provider": "system", "processed": true}', 'OPENAI_API_KEY is not configured. Heuristic system fallback used.', '2026-03-10 12:35:40.39528+05', '2026-03-10 12:35:40.39528+05', '2026-03-10 12:35:40.400874+05', '2026-03-10 12:35:40.400874+05');
INSERT INTO public.automation_runs (id, workflow_name, trigger_source, trigger_entity_type, trigger_entity_id, status, request_payload, response_payload, error_message, started_at, finished_at, created_at, updated_at) VALUES ('f2571f52-738c-4cdd-b42f-ea8d2088fc77', 'lead_ai_processing', 'lead_created', 'lead', '62d05770-3406-4f11-a43d-ea024260f98e', 'success', '{"model": "gpt-4o-mini", "leadId": "62d05770-3406-4f11-a43d-ea024260f98e", "message": "Contact: Ali\nCompany: New\nEmail: mrafi.stonixtech@gmail.com\nPhone: Unknown\nRequested Quantity: 300\nTimeline Date: 2026-03-12\nNotes: Product: 159e71bc-c2f6-44eb-a9f0-c301c0ba0991\nMessage: Give me new uniform 300 pieces at the end of this week"}', '{"product": "159e71bc-c2f6-44eb-a9f0-c301c0ba0991", "urgency": "high", "provider": "openai", "quantity": 300, "complexity": "medium", "fallback_used": false}', NULL, '2026-03-10 12:39:21.352221+05', '2026-03-10 12:39:21.352221+05', '2026-03-10 12:39:21.35845+05', '2026-03-10 12:39:21.35845+05');


--
-- Data for Name: communications; Type: TABLE DATA; Schema: public; Owner: -
--



--
-- Data for Name: followups; Type: TABLE DATA; Schema: public; Owner: -
--



--
-- Data for Name: products; Type: TABLE DATA; Schema: public; Owner: -
--

INSERT INTO public.products (id, slug, name, category, short_description, description, material, min_order_qty, lead_time_days, is_active, created_by_user_id, created_at, updated_at, sizes, colors, branding_options, tags, price_tiers, image, gallery, featured) VALUES ('91e9acb9-e03b-489c-a2ea-2067593d359a', 'custom-event-hoodie', 'Custom Event Hoodie', 'hoodies', 'Heavyweight hoodie for team wear and corporate campaigns.', 'A comfortable hoodie suitable for event teams, internal branding, and premium merchandise.', 'Cotton Fleece', 30, 12, true, NULL, '2026-03-09 20:13:26.254+05', '2026-03-11 08:15:31.437644+05', '{S,M,L,XL}', '{Black,Beige,Maroon}', '{Embroidery,"Screen Printing"}', '{winter,events,merch}', '[{"maxQty": 99, "minQty": 30, "unitPrice": 78}, {"maxQty": 299, "minQty": 100, "unitPrice": 72}, {"minQty": 300, "unitPrice": 68}]', '/images/products/hoodie.jpg', '{}', true);
INSERT INTO public.products (id, slug, name, category, short_description, description, material, min_order_qty, lead_time_days, is_active, created_by_user_id, created_at, updated_at, sizes, colors, branding_options, tags, price_tiers, image, gallery, featured) VALUES ('491c3f2e-5c05-483d-a2b6-a3be8f21bf03', 'training-mesh-jersey', 'Training Mesh Jersey', 'jerseys', 'Breathable mesh jersey for clubs and academies.', 'Lightweight training jersey for repeated washes and everyday team practice sessions.', 'Micro Mesh', 35, 9, true, NULL, '2026-03-11 08:09:22.48+05', '2026-03-11 08:15:31.458558+05', '{S,M,L,XL,XXL}', '{Red,Blue,Black,White}', '{"Heat Transfer","Screen Printing"}', '{training,sports,academy}', '[{"maxQty": 119, "minQty": 35, "unitPrice": 47}, {"maxQty": 299, "minQty": 120, "unitPrice": 43}, {"minQty": 300, "unitPrice": 39}]', '/images/products/jersey-training.jpg', '{}', false);
INSERT INTO public.products (id, slug, name, category, short_description, description, material, min_order_qty, lead_time_days, is_active, created_by_user_id, created_at, updated_at, sizes, colors, branding_options, tags, price_tiers, image, gallery, featured) VALUES ('3e3dbeaf-3778-4af3-9941-a20655831ac1', 'embroidered-cotton-cap', 'Embroidered Cotton Cap', 'caps', '6-panel cap with curved brim and premium embroidery finish.', 'High-quality cotton caps for retail merch, events, and staff accessories with durable fit.', 'Brushed Cotton', 100, 10, true, NULL, '2026-03-11 08:09:22.482+05', '2026-03-11 08:15:31.459981+05', '{"One Size"}', '{Black,Navy,Khaki,White}', '{Embroidery,"Woven Label"}', '{caps,headwear,merch}', '[{"maxQty": 299, "minQty": 100, "unitPrice": 21}, {"maxQty": 799, "minQty": 300, "unitPrice": 19}, {"minQty": 800, "unitPrice": 17}]', '/images/products/cap-embroidered.jpg', '{}', true);
INSERT INTO public.products (id, slug, name, category, short_description, description, material, min_order_qty, lead_time_days, is_active, created_by_user_id, created_at, updated_at, sizes, colors, branding_options, tags, price_tiers, image, gallery, featured) VALUES ('3059cdbb-62ba-43f0-b111-c9a4427a6462', 'performance-sports-cap', 'Performance Sports Cap', 'caps', 'Moisture-wicking cap for sports and outdoor promotions.', 'Lightweight sports cap with ventilated side panels and adjustable back strap.', 'Quick-Dry Polyester', 80, 9, true, NULL, '2026-03-11 08:09:22.483+05', '2026-03-11 08:15:31.461454+05', '{"One Size"}', '{Black,"Royal Blue","Neon Green"}', '{"Heat Transfer",Embroidery}', '{sports,caps,outdoor}', '[{"maxQty": 249, "minQty": 80, "unitPrice": 24}, {"maxQty": 599, "minQty": 250, "unitPrice": 22}, {"minQty": 600, "unitPrice": 20}]', '/images/products/cap-sports.jpg', '{}', false);
INSERT INTO public.products (id, slug, name, category, short_description, description, material, min_order_qty, lead_time_days, is_active, created_by_user_id, created_at, updated_at, sizes, colors, branding_options, tags, price_tiers, image, gallery, featured) VALUES ('381221f7-63b6-4638-8cf3-6b0414e3f10a', 'softshell-corporate-jacket', 'Softshell Corporate Jacket', 'jackets', 'Wind-resistant softshell jacket for premium team uniforms.', 'Professional softshell outerwear ideal for sales teams, field staff, and executive gifting.', 'Polyester Softshell', 25, 14, true, NULL, '2026-03-11 08:09:22.485+05', '2026-03-11 08:15:31.462769+05', '{S,M,L,XL,XXL}', '{Black,Navy,Gray}', '{Embroidery,"Patch Branding"}', '{jacket,corporate,premium}', '[{"maxQty": 79, "minQty": 25, "unitPrice": 139}, {"maxQty": 199, "minQty": 80, "unitPrice": 131}, {"minQty": 200, "unitPrice": 123}]', '/images/products/jacket-softshell.jpg', '{}', true);
INSERT INTO public.products (id, slug, name, category, short_description, description, material, min_order_qty, lead_time_days, is_active, created_by_user_id, created_at, updated_at, sizes, colors, branding_options, tags, price_tiers, image, gallery, featured) VALUES ('36ed1b1d-48eb-4c18-8315-51e855f93511', 'oversized-streetwear-tee', 'Oversized Streetwear Tee', 'tshirts', 'Heavyweight oversized fit for premium merch drops.', 'Streetwear-inspired oversized t-shirt suitable for modern brand merchandise and creator collections.', '240 GSM Cotton', 60, 12, true, NULL, '2026-03-11 08:09:22.487+05', '2026-03-11 08:15:31.465369+05', '{S,M,L,XL,XXL}', '{Black,Bone,Sand,Olive}', '{"Screen Printing",DTG,Embroidery}', '{streetwear,oversized,merch}', '[{"maxQty": 179, "minQty": 60, "unitPrice": 44}, {"maxQty": 449, "minQty": 180, "unitPrice": 40}, {"minQty": 450, "unitPrice": 37}]', '/images/products/tshirt-oversized.jpg', '{}', true);
INSERT INTO public.products (id, slug, name, category, short_description, description, material, min_order_qty, lead_time_days, is_active, created_by_user_id, created_at, updated_at, sizes, colors, branding_options, tags, price_tiers, image, gallery, featured) VALUES ('5796a16d-0ac5-4b05-95e0-f6b53e36ed01', 'polo-corporate-premium', 'Premium Corporate Polo', 'tshirts', 'Collar polo for executive and front-desk uniforms.', 'High-quality polo shirt offering a refined look for premium service teams and branded office wear.', 'Pique Cotton Blend', 50, 11, true, NULL, '2026-03-11 08:09:22.489+05', '2026-03-11 08:15:31.466801+05', '{S,M,L,XL,XXL,3XL}', '{White,Navy,Black,Maroon}', '{Embroidery,"Screen Printing"}', '{polo,corporate,uniform}', '[{"maxQty": 149, "minQty": 50, "unitPrice": 48}, {"maxQty": 399, "minQty": 150, "unitPrice": 44}, {"minQty": 400, "unitPrice": 41}]', '/images/products/polo-premium.jpg', '{}', true);
INSERT INTO public.products (id, slug, name, category, short_description, description, material, min_order_qty, lead_time_days, is_active, created_by_user_id, created_at, updated_at, sizes, colors, branding_options, tags, price_tiers, image, gallery, featured) VALUES ('c9917593-2dcd-40f8-82c3-69b9ff61e27c', 'french-terry-pullover-hoodie', 'French Terry Pullover Hoodie', 'hoodies', 'Premium pullover with clean silhouette and soft hand-feel.', 'Premium French terry hoodie crafted for retail-quality branding and comfortable all-day wear.', 'French Terry Cotton', 40, 12, true, NULL, '2026-03-11 08:09:22.49+05', '2026-03-11 08:15:31.468077+05', '{S,M,L,XL,XXL}', '{Stone,Charcoal,Navy}', '{Embroidery,"Puff Print","Screen Printing"}', '{premium,hoodie,retail}', '[{"maxQty": 119, "minQty": 40, "unitPrice": 88}, {"maxQty": 299, "minQty": 120, "unitPrice": 82}, {"minQty": 300, "unitPrice": 76}]', '/images/products/hoodie-french-terry.jpg', '{}', true);
INSERT INTO public.products (id, slug, name, category, short_description, description, material, min_order_qty, lead_time_days, is_active, created_by_user_id, created_at, updated_at, sizes, colors, branding_options, tags, price_tiers, image, gallery, featured) VALUES ('8f537ac2-9f0e-4ac9-96f3-ae740e39e67b', 'team-performance-jersey', 'Team Performance Jersey', 'jerseys', 'Moisture-wicking team jersey with full sublimation support.', 'High-performance jersey for sports clubs, school leagues, and corporate tournaments.', 'Polyester Mesh', 25, 9, true, NULL, '2026-03-09 20:13:26.258+05', '2026-03-11 08:15:31.443397+05', '{XS,S,M,L,XL,XXL}', '{"Custom Palette"}', '{Sublimation,"Heat Transfer"}', '{sports,team,custom-colors}', '[{"maxQty": 99, "minQty": 25, "unitPrice": 54}, {"maxQty": 249, "minQty": 100, "unitPrice": 49}, {"minQty": 250, "unitPrice": 45}]', '/images/products/jersey.jpg', '{}', true);
INSERT INTO public.products (id, slug, name, category, short_description, description, material, min_order_qty, lead_time_days, is_active, created_by_user_id, created_at, updated_at, sizes, colors, branding_options, tags, price_tiers, image, gallery, featured) VALUES ('cf577918-fd80-40b1-a6b1-3c258771a313', 'classic-promotional-tshirt', 'Classic Promotional T-Shirt', 'tshirts', 'Budget-friendly tee for campaigns, expos, and giveaways.', 'Lightweight promotional t-shirt built for cost-efficient bulk runs with clean print output.', '180 GSM Cotton', 100, 8, true, NULL, '2026-03-11 08:09:22.466+05', '2026-03-11 08:15:31.445701+05', '{S,M,L,XL,XXL}', '{White,Black,"Royal Blue",Red}', '{"Screen Printing","Heat Transfer"}', '{promo,budget,events}', '[{"maxQty": 299, "minQty": 100, "unitPrice": 22}, {"maxQty": 799, "minQty": 300, "unitPrice": 20}, {"minQty": 800, "unitPrice": 18}]', '/images/products/tshirt-classic.jpg', '{}', false);
INSERT INTO public.products (id, slug, name, category, short_description, description, material, min_order_qty, lead_time_days, is_active, created_by_user_id, created_at, updated_at, sizes, colors, branding_options, tags, price_tiers, image, gallery, featured) VALUES ('6036923e-ea9b-4430-8af8-8a84dc5199e9', 'premium-long-sleeve-tshirt', 'Premium Long Sleeve T-Shirt', 'tshirts', 'Long sleeve tee with premium finish for upscale uniforms.', 'Designed for premium team uniforms and seasonal campaigns with durable stitching and print-ready surface.', 'Combed Cotton', 40, 11, true, NULL, '2026-03-11 08:09:22.469+05', '2026-03-11 08:15:31.447832+05', '{S,M,L,XL,XXL}', '{Black,Navy,Olive,White}', '{Embroidery,"Screen Printing","DTF Printing"}', '{premium,uniform,long-sleeve}', '[{"maxQty": 119, "minQty": 40, "unitPrice": 42}, {"maxQty": 349, "minQty": 120, "unitPrice": 39}, {"minQty": 350, "unitPrice": 36}]', '/images/products/tshirt-longsleeve.jpg', '{}', true);
INSERT INTO public.products (id, slug, name, category, short_description, description, material, min_order_qty, lead_time_days, is_active, created_by_user_id, created_at, updated_at, sizes, colors, branding_options, tags, price_tiers, image, gallery, featured) VALUES ('bba790f1-187e-4331-9a1a-a7eaee01b913', 'zip-up-workwear-hoodie', 'Zip-Up Workwear Hoodie', 'hoodies', 'Industrial-grade zip hoodie for warehouse and field teams.', 'Heavy-duty zip-up hoodie with reinforced seams suitable for long daily shifts and brand customization.', 'Brushed Fleece', 35, 13, true, NULL, '2026-03-11 08:09:22.471+05', '2026-03-11 08:15:31.450195+05', '{S,M,L,XL,XXL}', '{Charcoal,Black,Navy}', '{Embroidery,"Patch Branding"}', '{workwear,zip,durable}', '[{"maxQty": 99, "minQty": 35, "unitPrice": 92}, {"maxQty": 249, "minQty": 100, "unitPrice": 86}, {"minQty": 250, "unitPrice": 81}]', '/images/products/hoodie-zip.jpg', '{}', false);
INSERT INTO public.products (id, slug, name, category, short_description, description, material, min_order_qty, lead_time_days, is_active, created_by_user_id, created_at, updated_at, sizes, colors, branding_options, tags, price_tiers, image, gallery, featured) VALUES ('830b6cf3-c70d-4e0a-9090-3654858316e8', 'lightweight-crew-hoodie', 'Lightweight Crew Hoodie', 'hoodies', 'Breathable hoodie for event crews and university merch.', 'Midweight hoodie balancing comfort and durability for year-round branded apparel programs.', 'Cotton-Poly Blend', 50, 10, true, NULL, '2026-03-11 08:09:22.473+05', '2026-03-11 08:15:31.452044+05', '{S,M,L,XL}', '{Sand,"Heather Gray",Black}', '{"Screen Printing","Heat Transfer"}', '{crew,merch,lightweight}', '[{"maxQty": 149, "minQty": 50, "unitPrice": 64}, {"maxQty": 399, "minQty": 150, "unitPrice": 59}, {"minQty": 400, "unitPrice": 55}]', '/images/products/hoodie-light.jpg', '{}', true);
INSERT INTO public.products (id, slug, name, category, short_description, description, material, min_order_qty, lead_time_days, is_active, created_by_user_id, created_at, updated_at, sizes, colors, branding_options, tags, price_tiers, image, gallery, featured) VALUES ('805a97bf-2162-437f-86f0-c09427bf538e', 'healthcare-scrub-set', 'Healthcare Scrub Set', 'uniforms', 'Comfort scrub set for hospitals, clinics, and labs.', 'Wrinkle-resistant scrub top and pants set with breathable fabric for healthcare operations.', 'Poly Rayon Spandex', 60, 16, true, NULL, '2026-03-11 08:09:22.474+05', '2026-03-11 08:15:31.453898+05', '{XS,S,M,L,XL,XXL}', '{"Sky Blue",Navy,Teal}', '{Embroidery,"Name Patch"}', '{healthcare,scrubs,medical}', '[{"maxQty": 179, "minQty": 60, "unitPrice": 96}, {"maxQty": 449, "minQty": 180, "unitPrice": 91}, {"minQty": 450, "unitPrice": 86}]', '/images/products/uniform-scrub.jpg', '{}', false);
INSERT INTO public.products (id, slug, name, category, short_description, description, material, min_order_qty, lead_time_days, is_active, created_by_user_id, created_at, updated_at, sizes, colors, branding_options, tags, price_tiers, image, gallery, featured) VALUES ('a45c219a-ddb1-4969-8fee-5fd671c4e986', 'industrial-coverall-uniform', 'Industrial Coverall Uniform', 'uniforms', 'Safety-first coverall for construction and maintenance teams.', 'Durable coverall uniform with utility pockets and optional reflective branding placements.', 'Heavy Twill', 30, 18, true, NULL, '2026-03-11 08:09:22.476+05', '2026-03-11 08:15:31.455491+05', '{S,M,L,XL,XXL,3XL}', '{Navy,Orange,Gray}', '{Embroidery,"Reflective Print"}', '{industrial,safety,coverall}', '[{"maxQty": 99, "minQty": 30, "unitPrice": 128}, {"maxQty": 249, "minQty": 100, "unitPrice": 121}, {"minQty": 250, "unitPrice": 114}]', '/images/products/uniform-coverall.jpg', '{}', true);
INSERT INTO public.products (id, slug, name, category, short_description, description, material, min_order_qty, lead_time_days, is_active, created_by_user_id, created_at, updated_at, sizes, colors, branding_options, tags, price_tiers, image, gallery, featured) VALUES ('ef5d5199-c516-4966-a3e1-5099558f9e84', 'esports-gaming-jersey', 'Esports Gaming Jersey', 'jerseys', 'Fully customizable gaming jersey for esports teams.', 'Performance-fit jersey optimized for sublimation graphics, sponsor logos, and player numbering.', 'Interlock Polyester', 20, 8, true, NULL, '2026-03-11 08:09:22.478+05', '2026-03-11 08:15:31.457084+05', '{XS,S,M,L,XL,XXL}', '{"Custom Palette"}', '{Sublimation,"Heat Transfer"}', '{esports,gaming,sublimation}', '[{"maxQty": 79, "minQty": 20, "unitPrice": 58}, {"maxQty": 199, "minQty": 80, "unitPrice": 53}, {"minQty": 200, "unitPrice": 48}]', '/images/products/jersey-esports.jpg', '{}', true);
INSERT INTO public.products (id, slug, name, category, short_description, description, material, min_order_qty, lead_time_days, is_active, created_by_user_id, created_at, updated_at, sizes, colors, branding_options, tags, price_tiers, image, gallery, featured) VALUES ('546fa8d3-cd03-42e1-b78f-6dd5cc91f8e3', 'premium-corporate-tshirt', 'Premium Corporate T-Shirt', 'tshirts', 'Soft premium cotton t-shirt for branding and events.', 'A premium corporate t-shirt designed for bulk orders, events, staff uniforms, and branded campaigns.', '100% Cotton', 50, 10, true, NULL, '2026-03-09 20:13:26.243+05', '2026-03-11 08:15:31.418384+05', '{S,M,L,XL,XXL}', '{Black,White,Navy,Gray}', '{"Screen Printing",Embroidery,"DTF Printing"}', '{corporate,events,best-seller}', '[{"maxQty": 149, "minQty": 50, "unitPrice": 36}, {"maxQty": 499, "minQty": 150, "unitPrice": 33}, {"minQty": 500, "unitPrice": 30}]', '/images/products/tshirt.jpg', '{}', true);
INSERT INTO public.products (id, slug, name, category, short_description, description, material, min_order_qty, lead_time_days, is_active, created_by_user_id, created_at, updated_at, sizes, colors, branding_options, tags, price_tiers, image, gallery, featured) VALUES ('0350e698-0ade-4eb3-95f7-3cd5b401caa7', 'chef-kitchen-uniform-set', 'Chef Kitchen Uniform Set', 'uniforms', 'Heat-friendly chef coat and trouser set for food service.', 'Functional chef uniform set designed for restaurants and cloud kitchens with durable construction.', 'Poly-Cotton Twill', 35, 15, true, NULL, '2026-03-11 08:09:22.493+05', '2026-03-11 08:15:31.470536+05', '{S,M,L,XL,XXL}', '{White,Black,Gray}', '{Embroidery,"Name Patch"}', '{chef,kitchen,hospitality}', '[{"maxQty": 109, "minQty": 35, "unitPrice": 112}, {"maxQty": 279, "minQty": 110, "unitPrice": 106}, {"minQty": 280, "unitPrice": 99}]', '/images/products/uniform-chef.jpg', '{}', false);
INSERT INTO public.products (id, slug, name, category, short_description, description, material, min_order_qty, lead_time_days, is_active, created_by_user_id, created_at, updated_at, sizes, colors, branding_options, tags, price_tiers, image, gallery, featured) VALUES ('fdab168f-8c35-405d-8e5f-0447d781cdb4', 'security-guard-uniform', 'Security Guard Uniform', 'uniforms', 'Structured security uniform for facilities and events.', 'Professional security uniform package with shirt and trouser suitable for high-visibility operations.', 'Poly Viscose', 50, 14, true, NULL, '2026-03-11 08:09:22.494+05', '2026-03-11 08:15:31.471774+05', '{S,M,L,XL,XXL,3XL}', '{Navy,White}', '{Embroidery,Patch}', '{security,facility,event}', '[{"maxQty": 149, "minQty": 50, "unitPrice": 104}, {"maxQty": 399, "minQty": 150, "unitPrice": 98}, {"minQty": 400, "unitPrice": 92}]', '/images/products/uniform-security.jpg', '{}', true);
INSERT INTO public.products (id, slug, name, category, short_description, description, material, min_order_qty, lead_time_days, is_active, created_by_user_id, created_at, updated_at, sizes, colors, branding_options, tags, price_tiers, image, gallery, featured) VALUES ('e3c3cdac-ba0a-47e5-947a-0edc7247e7ba', 'basketball-team-jersey-pro', 'Basketball Team Jersey Pro', 'jerseys', 'Pro-cut basketball jersey with number customization.', 'High-performance basketball jersey with breathable mesh and robust color retention.', 'Double Knit Polyester', 24, 10, true, NULL, '2026-03-11 08:09:22.495+05', '2026-03-11 08:15:31.472973+05', '{XS,S,M,L,XL,XXL}', '{"Custom Palette"}', '{Sublimation,"Tackle Twill Numbering"}', '{basketball,pro,teamwear}', '[{"maxQty": 89, "minQty": 24, "unitPrice": 62}, {"maxQty": 219, "minQty": 90, "unitPrice": 57}, {"minQty": 220, "unitPrice": 52}]', '/images/products/jersey-basketball.jpg', '{}', true);
INSERT INTO public.products (id, slug, name, category, short_description, description, material, min_order_qty, lead_time_days, is_active, created_by_user_id, created_at, updated_at, sizes, colors, branding_options, tags, price_tiers, image, gallery, featured) VALUES ('470939e7-0123-41f7-bf41-dd49d9d25aee', 'football-match-jersey', 'Football Match Jersey', 'jerseys', 'Match-day jersey for clubs, schools, and leagues.', 'Competition-ready football jersey optimized for ventilation and full-brand sublimation.', 'Performance Polyester', 30, 9, true, NULL, '2026-03-11 08:09:22.496+05', '2026-03-11 08:15:31.474206+05', '{XS,S,M,L,XL,XXL}', '{"Custom Palette"}', '{Sublimation,"Heat Transfer"}', '{football,matchday,clubs}', '[{"maxQty": 119, "minQty": 30, "unitPrice": 56}, {"maxQty": 299, "minQty": 120, "unitPrice": 51}, {"minQty": 300, "unitPrice": 46}]', '/images/products/jersey-football.jpg', '{}', false);
INSERT INTO public.products (id, slug, name, category, short_description, description, material, min_order_qty, lead_time_days, is_active, created_by_user_id, created_at, updated_at, sizes, colors, branding_options, tags, price_tiers, image, gallery, featured) VALUES ('013a5e55-490b-4cbe-9089-835ca1c4a811', 'snapback-flat-brim-cap', 'Snapback Flat Brim Cap', 'caps', 'Modern flat-brim cap ideal for lifestyle brands.', 'Structured snapback cap with premium front panel suitable for embroidery and 3D logos.', 'Acrylic Wool Blend', 120, 11, true, NULL, '2026-03-11 08:09:22.497+05', '2026-03-11 08:15:31.475397+05', '{"One Size"}', '{Black,Burgundy,Navy}', '{Embroidery,"PVC Patch"}', '{snapback,retail,street}', '[{"maxQty": 349, "minQty": 120, "unitPrice": 25}, {"maxQty": 899, "minQty": 350, "unitPrice": 23}, {"minQty": 900, "unitPrice": 21}]', '/images/products/cap-snapback.jpg', '{}', true);
INSERT INTO public.products (id, slug, name, category, short_description, description, material, min_order_qty, lead_time_days, is_active, created_by_user_id, created_at, updated_at, sizes, colors, branding_options, tags, price_tiers, image, gallery, featured) VALUES ('ef455be4-5379-4ec9-9b22-1a474a374b71', 'trucker-mesh-cap', 'Trucker Mesh Cap', 'caps', 'Ventilated trucker cap for outdoor marketing campaigns.', 'Classic trucker silhouette with mesh back and structured front for logo applications.', 'Cotton Front + Mesh Back', 90, 9, true, NULL, '2026-03-11 08:09:22.498+05', '2026-03-11 08:15:31.476642+05', '{"One Size"}', '{Black/White,Navy/White,Red/White}', '{"Screen Printing",Embroidery}', '{trucker,outdoor,campaign}', '[{"maxQty": 279, "minQty": 90, "unitPrice": 20}, {"maxQty": 699, "minQty": 280, "unitPrice": 18}, {"minQty": 700, "unitPrice": 16}]', '/images/products/cap-trucker.jpg', '{}', false);
INSERT INTO public.products (id, slug, name, category, short_description, description, material, min_order_qty, lead_time_days, is_active, created_by_user_id, created_at, updated_at, sizes, colors, branding_options, tags, price_tiers, image, gallery, featured) VALUES ('f036a600-c4d4-49be-9f3d-a07d212b273b', 'bombers-team-jacket', 'Bombers Team Jacket', 'jackets', 'Stylish bomber jacket for clubs and premium teams.', 'Modern bomber jacket designed for branded teamwear and high-impact promotional apparel.', 'Nylon Satin', 30, 16, true, NULL, '2026-03-11 08:09:22.499+05', '2026-03-11 08:15:31.477843+05', '{S,M,L,XL,XXL}', '{Black,Navy,Green}', '{Embroidery,"Patch Branding","Heat Transfer"}', '{bomber,teamwear,premium}', '[{"maxQty": 99, "minQty": 30, "unitPrice": 166}, {"maxQty": 249, "minQty": 100, "unitPrice": 157}, {"minQty": 250, "unitPrice": 149}]', '/images/products/jacket-bomber.jpg', '{}', true);
INSERT INTO public.products (id, slug, name, category, short_description, description, material, min_order_qty, lead_time_days, is_active, created_by_user_id, created_at, updated_at, sizes, colors, branding_options, tags, price_tiers, image, gallery, featured) VALUES ('adc57c5e-d5a8-4a06-a830-5d6d589b64cc', 'rainproof-field-jacket', 'Rainproof Field Jacket', 'jackets', 'Water-resistant jacket for logistics and field operations.', 'Technical field jacket offering weather resistance and practical utility for outdoor teams.', 'Waterproof Coated Polyester', 25, 15, true, NULL, '2026-03-11 08:09:22.501+05', '2026-03-11 08:15:31.479299+05', '{S,M,L,XL,XXL,3XL}', '{Black,Navy,Orange}', '{"Reflective Print",Embroidery}', '{rainproof,field,logistics}', '[{"maxQty": 84, "minQty": 25, "unitPrice": 174}, {"maxQty": 219, "minQty": 85, "unitPrice": 165}, {"minQty": 220, "unitPrice": 156}]', '/images/products/jacket-rainproof.jpg', '{}', false);
INSERT INTO public.products (id, slug, name, category, short_description, description, material, min_order_qty, lead_time_days, is_active, created_by_user_id, created_at, updated_at, sizes, colors, branding_options, tags, price_tiers, image, gallery, featured) VALUES ('159e71bc-c2f6-44eb-a9f0-c301c0ba0991', 'hospitality-staff-uniform', 'Hospitality Staff Uniform Set', 'uniforms', 'Durable smart-fit uniform set for hotels and restaurants.', 'Professional uniform set with breathable fabric and stain-resistant treatment for daily operations.', 'Poly-Cotton Blend', 40, 14, true, NULL, '2026-03-09 20:13:26.256+05', '2026-03-11 08:15:31.440444+05', '{S,M,L,XL,XXL,3XL}', '{Charcoal,Navy,White}', '{Embroidery,"Woven Patches"}', '{hospitality,uniform,staff}', '[{"maxQty": 149, "minQty": 40, "unitPrice": 89}, {"maxQty": 399, "minQty": 150, "unitPrice": 83}, {"minQty": 400, "unitPrice": 79}]', '/images/products/uniform.jpg', '{}', false);
INSERT INTO public.products (id, slug, name, category, short_description, description, material, min_order_qty, lead_time_days, is_active, created_by_user_id, created_at, updated_at, sizes, colors, branding_options, tags, price_tiers, image, gallery, featured) VALUES ('4661f87e-48ef-4863-a5de-becbb66d0dfe', 'light-puffer-jacket', 'Light Puffer Jacket', 'jackets', 'Insulated puffer jacket for winter events and logistics crews.', 'Compact insulated jacket delivering warmth with lightweight construction and logo-friendly panels.', 'Nylon Shell with Polyfill', 20, 15, true, NULL, '2026-03-11 08:09:22.486+05', '2026-03-11 08:15:31.464081+05', '{S,M,L,XL,XXL}', '{Black,Olive,Navy}', '{Embroidery,"Heat Transfer"}', '{winter,puffer,logistics}', '[{"maxQty": 69, "minQty": 20, "unitPrice": 158}, {"maxQty": 179, "minQty": 70, "unitPrice": 149}, {"minQty": 180, "unitPrice": 141}]', '/images/products/jacket-puffer.jpg', '{}', false);
INSERT INTO public.products (id, slug, name, category, short_description, description, material, min_order_qty, lead_time_days, is_active, created_by_user_id, created_at, updated_at, sizes, colors, branding_options, tags, price_tiers, image, gallery, featured) VALUES ('312a6861-be88-4608-8748-c2329ae8cd73', 'athleisure-track-hoodie', 'Athleisure Track Hoodie', 'hoodies', 'Sport-inspired hoodie for clubs and active teams.', 'Performance hoodie featuring ergonomic cut and lightweight insulation for sports organizations.', 'Poly Spandex Fleece', 45, 11, true, NULL, '2026-03-11 08:09:22.491+05', '2026-03-11 08:15:31.469315+05', '{S,M,L,XL}', '{Black,"Royal Blue",Red}', '{"Heat Transfer",Embroidery}', '{athleisure,sports,teams}', '[{"maxQty": 139, "minQty": 45, "unitPrice": 72}, {"maxQty": 349, "minQty": 140, "unitPrice": 67}, {"minQty": 350, "unitPrice": 63}]', '/images/products/hoodie-track.jpg', '{}', false);


--
-- Data for Name: product_variants; Type: TABLE DATA; Schema: public; Owner: -
--

INSERT INTO public.product_variants (id, product_id, sku, variant_name, size, color, unit_price, moq, is_active, created_at, updated_at) VALUES ('486fd23b-2dfd-48bb-88d1-9fa9e6d1fb3d', '546fa8d3-cd03-42e1-b78f-6dd5cc91f8e3', 'TS-CORP-BLK-M', 'Black / M', 'M', 'Black', 36.00, 50, true, '2026-03-11 08:15:31.434+05', '2026-03-11 08:15:31.434+05');
INSERT INTO public.product_variants (id, product_id, sku, variant_name, size, color, unit_price, moq, is_active, created_at, updated_at) VALUES ('a318cbb7-dc42-4473-a9ba-c4dc7a0a8966', '546fa8d3-cd03-42e1-b78f-6dd5cc91f8e3', 'TS-CORP-WHT-L', 'White / L', 'L', 'White', 36.00, 50, true, '2026-03-11 08:15:31.434+05', '2026-03-11 08:15:31.434+05');
INSERT INTO public.product_variants (id, product_id, sku, variant_name, size, color, unit_price, moq, is_active, created_at, updated_at) VALUES ('7527c902-7212-46f5-bb96-e9cf14195182', '91e9acb9-e03b-489c-a2ea-2067593d359a', 'HD-EVT-BLK-M', 'Black / M', 'M', 'Black', 78.00, 30, true, '2026-03-11 08:15:31.439+05', '2026-03-11 08:15:31.439+05');
INSERT INTO public.product_variants (id, product_id, sku, variant_name, size, color, unit_price, moq, is_active, created_at, updated_at) VALUES ('ecfa6baa-302a-4bda-9085-8050a82af228', '91e9acb9-e03b-489c-a2ea-2067593d359a', 'HD-EVT-MRN-L', 'Maroon / L', 'L', 'Maroon', 78.00, 30, true, '2026-03-11 08:15:31.439+05', '2026-03-11 08:15:31.439+05');
INSERT INTO public.product_variants (id, product_id, sku, variant_name, size, color, unit_price, moq, is_active, created_at, updated_at) VALUES ('4b88002a-9045-4753-b617-47816c1a7cbb', '159e71bc-c2f6-44eb-a9f0-c301c0ba0991', 'UF-HSP-CHR-M', 'Charcoal / M', 'M', 'Charcoal', 89.00, 40, true, '2026-03-11 08:15:31.442+05', '2026-03-11 08:15:31.442+05');
INSERT INTO public.product_variants (id, product_id, sku, variant_name, size, color, unit_price, moq, is_active, created_at, updated_at) VALUES ('555802ba-dbd1-48f2-9fde-085756a46b3f', '159e71bc-c2f6-44eb-a9f0-c301c0ba0991', 'UF-HSP-NVY-L', 'Navy / L', 'L', 'Navy', 89.00, 40, true, '2026-03-11 08:15:31.442+05', '2026-03-11 08:15:31.442+05');
INSERT INTO public.product_variants (id, product_id, sku, variant_name, size, color, unit_price, moq, is_active, created_at, updated_at) VALUES ('85331460-2612-4dd7-b713-f1679eaf14d0', '8f537ac2-9f0e-4ac9-96f3-ae740e39e67b', 'JR-PRF-CUS-M', 'Custom / M', 'M', 'Custom', 54.00, 25, true, '2026-03-11 08:15:31.445+05', '2026-03-11 08:15:31.445+05');
INSERT INTO public.product_variants (id, product_id, sku, variant_name, size, color, unit_price, moq, is_active, created_at, updated_at) VALUES ('4e7bf514-3bde-4404-9f30-54ee9379a4cc', '8f537ac2-9f0e-4ac9-96f3-ae740e39e67b', 'JR-PRF-CUS-L', 'Custom / L', 'L', 'Custom', 54.00, 25, true, '2026-03-11 08:15:31.445+05', '2026-03-11 08:15:31.445+05');
INSERT INTO public.product_variants (id, product_id, sku, variant_name, size, color, unit_price, moq, is_active, created_at, updated_at) VALUES ('23e088b6-6d36-47b3-9bbf-e78be7e5c693', 'cf577918-fd80-40b1-a6b1-3c258771a313', 'TS-CLS-WHT-M', 'White / M', 'M', 'White', 22.00, 100, true, '2026-03-11 08:15:31.447+05', '2026-03-11 08:15:31.447+05');
INSERT INTO public.product_variants (id, product_id, sku, variant_name, size, color, unit_price, moq, is_active, created_at, updated_at) VALUES ('75f738c7-aebe-43b0-8c63-ddf5af0aa2b1', 'cf577918-fd80-40b1-a6b1-3c258771a313', 'TS-CLS-BLK-L', 'Black / L', 'L', 'Black', 22.00, 100, true, '2026-03-11 08:15:31.447+05', '2026-03-11 08:15:31.447+05');
INSERT INTO public.product_variants (id, product_id, sku, variant_name, size, color, unit_price, moq, is_active, created_at, updated_at) VALUES ('10f667dd-fb9d-4830-b466-821dde47b1d6', '6036923e-ea9b-4430-8af8-8a84dc5199e9', 'TS-LNG-BLK-M', 'Black / M', 'M', 'Black', 42.00, 40, true, '2026-03-11 08:15:31.449+05', '2026-03-11 08:15:31.449+05');
INSERT INTO public.product_variants (id, product_id, sku, variant_name, size, color, unit_price, moq, is_active, created_at, updated_at) VALUES ('68a27d52-aa08-462a-95e7-facf9e053ad2', '6036923e-ea9b-4430-8af8-8a84dc5199e9', 'TS-LNG-NVY-L', 'Navy / L', 'L', 'Navy', 42.00, 40, true, '2026-03-11 08:15:31.449+05', '2026-03-11 08:15:31.449+05');
INSERT INTO public.product_variants (id, product_id, sku, variant_name, size, color, unit_price, moq, is_active, created_at, updated_at) VALUES ('d14a6cb3-4fc5-4e2c-b988-55c122d5a4f0', 'bba790f1-187e-4331-9a1a-a7eaee01b913', 'HD-ZIP-CHR-M', 'Charcoal / M', 'M', 'Charcoal', 92.00, 35, true, '2026-03-11 08:15:31.451+05', '2026-03-11 08:15:31.451+05');
INSERT INTO public.product_variants (id, product_id, sku, variant_name, size, color, unit_price, moq, is_active, created_at, updated_at) VALUES ('fd52847f-8899-4a49-aaf0-60f386f3281e', 'bba790f1-187e-4331-9a1a-a7eaee01b913', 'HD-ZIP-BLK-L', 'Black / L', 'L', 'Black', 92.00, 35, true, '2026-03-11 08:15:31.451+05', '2026-03-11 08:15:31.451+05');
INSERT INTO public.product_variants (id, product_id, sku, variant_name, size, color, unit_price, moq, is_active, created_at, updated_at) VALUES ('fc3679b5-678d-45c1-b9a7-4b78f8ec798e', '830b6cf3-c70d-4e0a-9090-3654858316e8', 'HD-LWT-SND-M', 'Sand / M', 'M', 'Sand', 64.00, 50, true, '2026-03-11 08:15:31.453+05', '2026-03-11 08:15:31.453+05');
INSERT INTO public.product_variants (id, product_id, sku, variant_name, size, color, unit_price, moq, is_active, created_at, updated_at) VALUES ('322ebe1e-7081-4efc-883d-be4e07a726c7', '830b6cf3-c70d-4e0a-9090-3654858316e8', 'HD-LWT-HGR-L', 'Heather Gray / L', 'L', 'Heather Gray', 64.00, 50, true, '2026-03-11 08:15:31.453+05', '2026-03-11 08:15:31.453+05');
INSERT INTO public.product_variants (id, product_id, sku, variant_name, size, color, unit_price, moq, is_active, created_at, updated_at) VALUES ('00ef8f93-9111-45f1-887b-3a7fcaf6b635', '805a97bf-2162-437f-86f0-c09427bf538e', 'UF-SCR-SKY-M', 'Sky Blue / M', 'M', 'Sky Blue', 96.00, 60, true, '2026-03-11 08:15:31.455+05', '2026-03-11 08:15:31.455+05');
INSERT INTO public.product_variants (id, product_id, sku, variant_name, size, color, unit_price, moq, is_active, created_at, updated_at) VALUES ('3a5d106c-4891-4b7c-8658-d535d592c4e1', '805a97bf-2162-437f-86f0-c09427bf538e', 'UF-SCR-NVY-L', 'Navy / L', 'L', 'Navy', 96.00, 60, true, '2026-03-11 08:15:31.455+05', '2026-03-11 08:15:31.455+05');
INSERT INTO public.product_variants (id, product_id, sku, variant_name, size, color, unit_price, moq, is_active, created_at, updated_at) VALUES ('a2cc767b-8efc-491a-99c5-78a5d2bbda53', 'a45c219a-ddb1-4969-8fee-5fd671c4e986', 'UF-CVR-NVY-M', 'Navy / M', 'M', 'Navy', 128.00, 30, true, '2026-03-11 08:15:31.456+05', '2026-03-11 08:15:31.456+05');
INSERT INTO public.product_variants (id, product_id, sku, variant_name, size, color, unit_price, moq, is_active, created_at, updated_at) VALUES ('a9d882a1-0651-4820-baec-2fedbf1d07d7', 'a45c219a-ddb1-4969-8fee-5fd671c4e986', 'UF-CVR-ORG-L', 'Orange / L', 'L', 'Orange', 128.00, 30, true, '2026-03-11 08:15:31.456+05', '2026-03-11 08:15:31.456+05');
INSERT INTO public.product_variants (id, product_id, sku, variant_name, size, color, unit_price, moq, is_active, created_at, updated_at) VALUES ('d53ac040-37e7-4e4b-b1ae-040363dfbe84', 'ef5d5199-c516-4966-a3e1-5099558f9e84', 'JR-ESP-CUS-M', 'Custom / M', 'M', 'Custom', 58.00, 20, true, '2026-03-11 08:15:31.458+05', '2026-03-11 08:15:31.458+05');
INSERT INTO public.product_variants (id, product_id, sku, variant_name, size, color, unit_price, moq, is_active, created_at, updated_at) VALUES ('9ff146bf-8534-4174-a7c6-7dc08dfb2174', 'ef5d5199-c516-4966-a3e1-5099558f9e84', 'JR-ESP-CUS-L', 'Custom / L', 'L', 'Custom', 58.00, 20, true, '2026-03-11 08:15:31.458+05', '2026-03-11 08:15:31.458+05');
INSERT INTO public.product_variants (id, product_id, sku, variant_name, size, color, unit_price, moq, is_active, created_at, updated_at) VALUES ('c19e4282-e055-4191-bca7-a54f7061555f', '491c3f2e-5c05-483d-a2b6-a3be8f21bf03', 'JR-TRN-RED-M', 'Red / M', 'M', 'Red', 47.00, 35, true, '2026-03-11 08:15:31.459+05', '2026-03-11 08:15:31.459+05');
INSERT INTO public.product_variants (id, product_id, sku, variant_name, size, color, unit_price, moq, is_active, created_at, updated_at) VALUES ('e9593408-7448-4cd3-a876-125da04b9e93', '491c3f2e-5c05-483d-a2b6-a3be8f21bf03', 'JR-TRN-BLU-L', 'Blue / L', 'L', 'Blue', 47.00, 35, true, '2026-03-11 08:15:31.459+05', '2026-03-11 08:15:31.459+05');
INSERT INTO public.product_variants (id, product_id, sku, variant_name, size, color, unit_price, moq, is_active, created_at, updated_at) VALUES ('44bf4f07-7ea3-4fb3-a442-9f7ec3705827', '3e3dbeaf-3778-4af3-9941-a20655831ac1', 'CP-EMB-BLK-OS', 'Black / One Size', 'One Size', 'Black', 21.00, 100, true, '2026-03-11 08:15:31.461+05', '2026-03-11 08:15:31.461+05');
INSERT INTO public.product_variants (id, product_id, sku, variant_name, size, color, unit_price, moq, is_active, created_at, updated_at) VALUES ('28da71a0-0f5d-403f-a45c-74e905a576e8', '3e3dbeaf-3778-4af3-9941-a20655831ac1', 'CP-EMB-NVY-OS', 'Navy / One Size', 'One Size', 'Navy', 21.00, 100, true, '2026-03-11 08:15:31.461+05', '2026-03-11 08:15:31.461+05');
INSERT INTO public.product_variants (id, product_id, sku, variant_name, size, color, unit_price, moq, is_active, created_at, updated_at) VALUES ('c84a3529-3741-4da9-bbfa-c4169ab78a28', '3059cdbb-62ba-43f0-b111-c9a4427a6462', 'CP-SPR-BLK-OS', 'Black / One Size', 'One Size', 'Black', 24.00, 80, true, '2026-03-11 08:15:31.462+05', '2026-03-11 08:15:31.462+05');
INSERT INTO public.product_variants (id, product_id, sku, variant_name, size, color, unit_price, moq, is_active, created_at, updated_at) VALUES ('1654e337-6992-4833-8f02-feef0565b8be', '3059cdbb-62ba-43f0-b111-c9a4427a6462', 'CP-SPR-BLU-OS', 'Royal Blue / One Size', 'One Size', 'Royal Blue', 24.00, 80, true, '2026-03-11 08:15:31.462+05', '2026-03-11 08:15:31.462+05');
INSERT INTO public.product_variants (id, product_id, sku, variant_name, size, color, unit_price, moq, is_active, created_at, updated_at) VALUES ('978cbea7-aa82-4f8f-8f21-33d642c66aba', '381221f7-63b6-4638-8cf3-6b0414e3f10a', 'JK-SFT-BLK-M', 'Black / M', 'M', 'Black', 139.00, 25, true, '2026-03-11 08:15:31.463+05', '2026-03-11 08:15:31.463+05');
INSERT INTO public.product_variants (id, product_id, sku, variant_name, size, color, unit_price, moq, is_active, created_at, updated_at) VALUES ('3831a149-fc0e-4bb9-a67c-8bb15782b601', '381221f7-63b6-4638-8cf3-6b0414e3f10a', 'JK-SFT-NVY-L', 'Navy / L', 'L', 'Navy', 139.00, 25, true, '2026-03-11 08:15:31.463+05', '2026-03-11 08:15:31.463+05');
INSERT INTO public.product_variants (id, product_id, sku, variant_name, size, color, unit_price, moq, is_active, created_at, updated_at) VALUES ('30367d23-5bda-4ef6-9cc8-654e7a50942f', '4661f87e-48ef-4863-a5de-becbb66d0dfe', 'JK-PUF-BLK-M', 'Black / M', 'M', 'Black', 158.00, 20, true, '2026-03-11 08:15:31.465+05', '2026-03-11 08:15:31.465+05');
INSERT INTO public.product_variants (id, product_id, sku, variant_name, size, color, unit_price, moq, is_active, created_at, updated_at) VALUES ('0eb61c98-4ff0-4f06-8495-f6e2fabc6682', '4661f87e-48ef-4863-a5de-becbb66d0dfe', 'JK-PUF-OLV-L', 'Olive / L', 'L', 'Olive', 158.00, 20, true, '2026-03-11 08:15:31.465+05', '2026-03-11 08:15:31.465+05');
INSERT INTO public.product_variants (id, product_id, sku, variant_name, size, color, unit_price, moq, is_active, created_at, updated_at) VALUES ('98ca9051-ed11-47ef-bd97-09a22185cdf5', '36ed1b1d-48eb-4c18-8315-51e855f93511', 'TS-OVR-BLK-M', 'Black / M', 'M', 'Black', 44.00, 60, true, '2026-03-11 08:15:31.466+05', '2026-03-11 08:15:31.466+05');
INSERT INTO public.product_variants (id, product_id, sku, variant_name, size, color, unit_price, moq, is_active, created_at, updated_at) VALUES ('d52d57f4-1de9-4083-9224-bf17169d76c1', '36ed1b1d-48eb-4c18-8315-51e855f93511', 'TS-OVR-BON-L', 'Bone / L', 'L', 'Bone', 44.00, 60, true, '2026-03-11 08:15:31.466+05', '2026-03-11 08:15:31.466+05');
INSERT INTO public.product_variants (id, product_id, sku, variant_name, size, color, unit_price, moq, is_active, created_at, updated_at) VALUES ('fd9eb345-33b9-401b-aba5-96fc6203c644', '5796a16d-0ac5-4b05-95e0-f6b53e36ed01', 'PL-PRM-WHT-M', 'White / M', 'M', 'White', 48.00, 50, true, '2026-03-11 08:15:31.467+05', '2026-03-11 08:15:31.467+05');
INSERT INTO public.product_variants (id, product_id, sku, variant_name, size, color, unit_price, moq, is_active, created_at, updated_at) VALUES ('7a1dcff7-6fb6-43b4-93ec-1979d35b24d6', '5796a16d-0ac5-4b05-95e0-f6b53e36ed01', 'PL-PRM-NVY-L', 'Navy / L', 'L', 'Navy', 48.00, 50, true, '2026-03-11 08:15:31.467+05', '2026-03-11 08:15:31.467+05');
INSERT INTO public.product_variants (id, product_id, sku, variant_name, size, color, unit_price, moq, is_active, created_at, updated_at) VALUES ('b9a393c9-d181-408c-8774-43f378ecbafb', 'c9917593-2dcd-40f8-82c3-69b9ff61e27c', 'HD-FTY-STN-M', 'Stone / M', 'M', 'Stone', 88.00, 40, true, '2026-03-11 08:15:31.469+05', '2026-03-11 08:15:31.469+05');
INSERT INTO public.product_variants (id, product_id, sku, variant_name, size, color, unit_price, moq, is_active, created_at, updated_at) VALUES ('b5722e21-660e-43b2-91b3-2a1aae7ff674', 'c9917593-2dcd-40f8-82c3-69b9ff61e27c', 'HD-FTY-CHR-L', 'Charcoal / L', 'L', 'Charcoal', 88.00, 40, true, '2026-03-11 08:15:31.469+05', '2026-03-11 08:15:31.469+05');
INSERT INTO public.product_variants (id, product_id, sku, variant_name, size, color, unit_price, moq, is_active, created_at, updated_at) VALUES ('39d1f76a-8356-4f1e-9132-c6ad36fbfe5b', '312a6861-be88-4608-8748-c2329ae8cd73', 'HD-ATH-BLK-M', 'Black / M', 'M', 'Black', 72.00, 45, true, '2026-03-11 08:15:31.47+05', '2026-03-11 08:15:31.47+05');
INSERT INTO public.product_variants (id, product_id, sku, variant_name, size, color, unit_price, moq, is_active, created_at, updated_at) VALUES ('3c12bdb4-b527-4e00-bf35-a97d67e00846', '312a6861-be88-4608-8748-c2329ae8cd73', 'HD-ATH-BLU-L', 'Royal Blue / L', 'L', 'Royal Blue', 72.00, 45, true, '2026-03-11 08:15:31.47+05', '2026-03-11 08:15:31.47+05');
INSERT INTO public.product_variants (id, product_id, sku, variant_name, size, color, unit_price, moq, is_active, created_at, updated_at) VALUES ('cdd6aa06-b708-4ab6-8652-89b702267f2e', '0350e698-0ade-4eb3-95f7-3cd5b401caa7', 'UF-CHF-WHT-M', 'White / M', 'M', 'White', 112.00, 35, true, '2026-03-11 08:15:31.471+05', '2026-03-11 08:15:31.471+05');
INSERT INTO public.product_variants (id, product_id, sku, variant_name, size, color, unit_price, moq, is_active, created_at, updated_at) VALUES ('c64288da-a5d5-4d6d-8906-c45a9af7d9b6', '0350e698-0ade-4eb3-95f7-3cd5b401caa7', 'UF-CHF-BLK-L', 'Black / L', 'L', 'Black', 112.00, 35, true, '2026-03-11 08:15:31.471+05', '2026-03-11 08:15:31.471+05');
INSERT INTO public.product_variants (id, product_id, sku, variant_name, size, color, unit_price, moq, is_active, created_at, updated_at) VALUES ('834bd791-84e5-400a-845c-44822b0a3688', 'fdab168f-8c35-405d-8e5f-0447d781cdb4', 'UF-SEC-NVY-M', 'Navy / M', 'M', 'Navy', 104.00, 50, true, '2026-03-11 08:15:31.472+05', '2026-03-11 08:15:31.472+05');
INSERT INTO public.product_variants (id, product_id, sku, variant_name, size, color, unit_price, moq, is_active, created_at, updated_at) VALUES ('46a36b92-7b7e-4d44-8027-bd1e7e5a3c6f', 'fdab168f-8c35-405d-8e5f-0447d781cdb4', 'UF-SEC-WHT-L', 'White / L', 'L', 'White', 104.00, 50, true, '2026-03-11 08:15:31.472+05', '2026-03-11 08:15:31.472+05');
INSERT INTO public.product_variants (id, product_id, sku, variant_name, size, color, unit_price, moq, is_active, created_at, updated_at) VALUES ('43a201b0-cd62-444c-9170-1491f5ee628d', 'e3c3cdac-ba0a-47e5-947a-0edc7247e7ba', 'JR-BSK-CUS-M', 'Custom / M', 'M', 'Custom', 62.00, 24, true, '2026-03-11 08:15:31.473+05', '2026-03-11 08:15:31.473+05');
INSERT INTO public.product_variants (id, product_id, sku, variant_name, size, color, unit_price, moq, is_active, created_at, updated_at) VALUES ('cee2b620-64ff-4443-be16-fb9bf84500ea', 'e3c3cdac-ba0a-47e5-947a-0edc7247e7ba', 'JR-BSK-CUS-L', 'Custom / L', 'L', 'Custom', 62.00, 24, true, '2026-03-11 08:15:31.473+05', '2026-03-11 08:15:31.473+05');
INSERT INTO public.product_variants (id, product_id, sku, variant_name, size, color, unit_price, moq, is_active, created_at, updated_at) VALUES ('6d9567c9-37f8-4248-a40a-2d73745b03ab', '470939e7-0123-41f7-bf41-dd49d9d25aee', 'JR-FTB-CUS-M', 'Custom / M', 'M', 'Custom', 56.00, 30, true, '2026-03-11 08:15:31.475+05', '2026-03-11 08:15:31.475+05');
INSERT INTO public.product_variants (id, product_id, sku, variant_name, size, color, unit_price, moq, is_active, created_at, updated_at) VALUES ('883a2671-5959-4b4a-9076-8d8462cf8339', '470939e7-0123-41f7-bf41-dd49d9d25aee', 'JR-FTB-CUS-L', 'Custom / L', 'L', 'Custom', 56.00, 30, true, '2026-03-11 08:15:31.475+05', '2026-03-11 08:15:31.475+05');
INSERT INTO public.product_variants (id, product_id, sku, variant_name, size, color, unit_price, moq, is_active, created_at, updated_at) VALUES ('298717b8-f265-4707-9ac0-5d529b93c8a9', '013a5e55-490b-4cbe-9089-835ca1c4a811', 'CP-SNP-BLK-OS', 'Black / One Size', 'One Size', 'Black', 25.00, 120, true, '2026-03-11 08:15:31.476+05', '2026-03-11 08:15:31.476+05');
INSERT INTO public.product_variants (id, product_id, sku, variant_name, size, color, unit_price, moq, is_active, created_at, updated_at) VALUES ('de880421-853a-4193-94fb-545c51f43b99', '013a5e55-490b-4cbe-9089-835ca1c4a811', 'CP-SNP-BRG-OS', 'Burgundy / One Size', 'One Size', 'Burgundy', 25.00, 120, true, '2026-03-11 08:15:31.476+05', '2026-03-11 08:15:31.476+05');
INSERT INTO public.product_variants (id, product_id, sku, variant_name, size, color, unit_price, moq, is_active, created_at, updated_at) VALUES ('6f2724f7-fdf2-4764-9795-4ff0d8ededfa', 'ef455be4-5379-4ec9-9b22-1a474a374b71', 'CP-TRK-BKW-OS', 'Black/White / One Size', 'One Size', 'Black/White', 20.00, 90, true, '2026-03-11 08:15:31.477+05', '2026-03-11 08:15:31.477+05');
INSERT INTO public.product_variants (id, product_id, sku, variant_name, size, color, unit_price, moq, is_active, created_at, updated_at) VALUES ('c28e849a-a49c-4e95-ad36-fe361d2cc367', 'ef455be4-5379-4ec9-9b22-1a474a374b71', 'CP-TRK-NVW-OS', 'Navy/White / One Size', 'One Size', 'Navy/White', 20.00, 90, true, '2026-03-11 08:15:31.477+05', '2026-03-11 08:15:31.477+05');
INSERT INTO public.product_variants (id, product_id, sku, variant_name, size, color, unit_price, moq, is_active, created_at, updated_at) VALUES ('03550fb1-0a2f-4c80-8dfc-e282e7227f2d', 'f036a600-c4d4-49be-9f3d-a07d212b273b', 'JK-BMB-BLK-M', 'Black / M', 'M', 'Black', 166.00, 30, true, '2026-03-11 08:15:31.478+05', '2026-03-11 08:15:31.478+05');
INSERT INTO public.product_variants (id, product_id, sku, variant_name, size, color, unit_price, moq, is_active, created_at, updated_at) VALUES ('ae58e05b-6e96-4737-8d7b-976103d15f9e', 'f036a600-c4d4-49be-9f3d-a07d212b273b', 'JK-BMB-NVY-L', 'Navy / L', 'L', 'Navy', 166.00, 30, true, '2026-03-11 08:15:31.478+05', '2026-03-11 08:15:31.478+05');
INSERT INTO public.product_variants (id, product_id, sku, variant_name, size, color, unit_price, moq, is_active, created_at, updated_at) VALUES ('89a48069-52a5-4e00-a213-ce64b4d41ca9', 'adc57c5e-d5a8-4a06-a830-5d6d589b64cc', 'JK-RNP-BLK-M', 'Black / M', 'M', 'Black', 174.00, 25, true, '2026-03-11 08:15:31.48+05', '2026-03-11 08:15:31.48+05');
INSERT INTO public.product_variants (id, product_id, sku, variant_name, size, color, unit_price, moq, is_active, created_at, updated_at) VALUES ('383a7530-06f1-4133-9433-4f1c6c3a9e84', 'adc57c5e-d5a8-4a06-a830-5d6d589b64cc', 'JK-RNP-ORG-L', 'Orange / L', 'L', 'Orange', 174.00, 25, true, '2026-03-11 08:15:31.48+05', '2026-03-11 08:15:31.48+05');


--
-- Data for Name: quote_documents; Type: TABLE DATA; Schema: public; Owner: -
--



--
-- Data for Name: quote_items; Type: TABLE DATA; Schema: public; Owner: -
--



--
-- Data for Name: schema_migrations; Type: TABLE DATA; Schema: public; Owner: -
--

INSERT INTO public.schema_migrations (name, applied_at) VALUES ('0001_initial_schema.up.sql', '2026-03-09 20:13:18.251408+05');
INSERT INTO public.schema_migrations (name, applied_at) VALUES ('0002_products_catalog_fields.up.sql', '2026-03-09 20:13:18.333742+05');
INSERT INTO public.schema_migrations (name, applied_at) VALUES ('0003_deals_stage_alignment.up.sql', '2026-03-10 10:51:36.903624+05');
INSERT INTO public.schema_migrations (name, applied_at) VALUES ('0004_users_role_customer.up.sql', '2026-03-10 11:07:51.30386+05');
INSERT INTO public.schema_migrations (name, applied_at) VALUES ('0005_lead_ai_fields.up.sql', '2026-03-10 12:13:39.293464+05');
INSERT INTO public.schema_migrations (name, applied_at) VALUES ('0006_lead_ai_provider_fields.up.sql', '2026-03-10 12:34:20.892461+05');
INSERT INTO public.schema_migrations (name, applied_at) VALUES ('0007_lead_ai_scoring_fields.up.sql', '2026-03-10 14:24:00.288318+05');
INSERT INTO public.schema_migrations (name, applied_at) VALUES ('0008_quote_items_pricing_breakdown.up.sql', '2026-03-10 16:22:53.250497+05');
INSERT INTO public.schema_migrations (name, applied_at) VALUES ('0009_products_price_tiers_normalize.up.sql', '2026-03-10 17:43:13.373007+05');
INSERT INTO public.schema_migrations (name, applied_at) VALUES ('0010_quote_items_pricing_breakdown_repair.up.sql', '2026-03-10 17:47:36.202532+05');
INSERT INTO public.schema_migrations (name, applied_at) VALUES ('0011_quote_documents.up.sql', '2026-03-11 08:48:49.909985+05');


--
-- PostgreSQL database dump complete
--

\unrestrict dlZiibYme1PUSecCfzUzJthEcHCgFBbJJUACGDwbc8duwF1zxR0AQwLu2lZXaB7

